dam_nm,obsrvt_nm,msmt_tm,rain_qy,acml_rain_qy
홍수통제소,강릉시(대기리),2020051023,0,333
충주,정선군(송계리),2020051023,0,280
충주,평창군(상진부리),2020051023,0,258
충주,평창군(수하리),2020051023,0,278
충주,정선군(여탄리),2020051023,0,223
충주,정선군(직전리),2020051023,0,240
충주,영월군(북쌍리),2020051023,0,173
충주,강릉시(대기리),2020051023,0,310
충주,삼척시(광동리),2020051023,0,250
충주,평창군(율치리),2020051023,0,207
충주,평창군(수항리),2020051023,0,234
충주,정선군(유천리),2020051023,0,265
충주,정선군(덕암리),2020051023,0,225
충주,평창군(회동리),2020051023,0,246
충주,정선군(문곡리),2020051023,0,232
광동,태백시(상사미동),2020051023,0,282
홍수통제소,삼척시(번천리),2020051023,0,363
충주,삼척시(광동댐),2020051023,0,265
충주,태백시(상사미동),2020051023,0,282
홍수통제소,평창군(월정분교),2020051023,0,279
홍수통제소,평창군(방림면사무소),2020051023,0,196
홍수통제소,평창군(흥정리),2020051023,0,311
홍수통제소,평창군(도사리),2020051023,0,292
홍수통제소,평창군(계방분교),2020051023,0,279
홍수통제소,평창군(유포리),2020051023,0,260
홍수통제소,평창군(등매비룡수련원),2020051023,0,232
홍수통제소,평창군(신리초교),2020051023,0,226
홍수통제소,평창군(고길리),2020051023,0,216
충주,평창군(원길리),2020051023,0,253
충주,평창군(후평리),2020051023,0,194
충주,영월군(무릉리),2020051023,0,181
충주,평창군(대화리),2020051023,0,187
충주,평창군(계촌리),2020051023,0,222
충주,횡성군(부곡리),2020051023,0,250
충주,원주시(황둔리),2020051023,0,229
충주,횡성군(상안리),2020051023,0,163
충주,영월군(연덕리),2020051023,0,182
홍수통제소,평창군(가평초교),2020051023,0,160
홍수통제소,평창군(헴프전시체험실),2020051023,0,205
충주,단양군(오사리),2020051023,0,131
충주,제천시(물태리),2020051023,0,164
충주,영월군(주문리),2020051023,0,166
충주,단양군(하방리),2020051023,0,160
충주,제천시(평동리),2020051023,0,225
충주,충주시(충주댐),2020051023,0,186
충주,단양군(가평리),2020051023,0,168
충주,영월군(내리),2020051023,0,169
충주,단양군(율곡리),2020051023,0,155
충주,제천시(도전리),2020051023,0,176
충주,제천시(삼거리),2020051023,0,218
홍수통제소,정선군(정선군2청사),2020051023,0,244
홍수통제소,정선군(고한읍사무소),2020051023,0,235
홍수통제소,단양군(영춘중교),2020051023,0,152
홍수통제소,단양군(올산리),2020051023,0,214
홍수통제소,제천시(덕주휴게소),2020051023,0,188
지자체(정선),문곡(정선),2020051023,0, 
지자체(정선),봉양(정선),2020051023,0, 
지자체(정선),북평(정선),2020051023,0, 
지자체(정선),사북(정선),2020051023,0, 
지자체(정선),여량(정선),2020051023,0, 
지자체(정선),화암(정선),2020051023,0, 
지자체(정선),함백(정선),2020051023,0, 
지자체(정선),고한(정선),2020051023,0, 
홍수통제소,괴산군(청천면사무소),2020051023,0,196
홍수통제소,괴산군(연풍초교),2020051023,0,191
홍수통제소,충주시(수안보면사무소),2020051023,0,179
홍수통제소,보은군(법주분교),2020051023,0,138
홍수통제소,상주시(입석분교),2020051023,0,218
홍수통제소,청주시(성대리),2020051023,0,224
충주조정지,괴산군(오가리),2020051023,0,187
충주조정지,충주시(대곡리),2020051023,0,201
충주조정지,충주시(향산리),2020051023,0,184
충주조정지,괴산군(고마리),2020051023,0,201
홍수통제소,괴산군(송면중교),2020051023,0,159
홍수통제소,음성군(음성고교),2020051023,0,217
홍수통제소,보은군(법주사),2020051023,0,260
홍수통제소,충주시(엄정면사무소),2020051023,0,162
홍수통제소,충주시(용대리),2020051023,0,112
홍수통제소,원주시(법천교),2020051023,0,191
홍수통제소,횡성군(횡성군청),2020051023,0,197
홍수통제소,횡성군(청일면사무소),2020051023,0,203
홍수통제소,양평군(양동주민자치센터),2020051023,0,201
홍수통제소,원주시(지정면사무소),2020051023,0,133
홍수통제소,원주시(문막교),2020051023,0,163
홍수통제소,원주시(서곡초교),2020051023,0,206
홍수통제소,여주시(여주대교),2020051023,0,197
홍수통제소,양평군(청운면사무소),2020051023,0,135
홍수통제소,음성군(생극면사무소),2020051023,0,191
홍수통제소,양평군(양평교),2020051023,0,178
홍수통제소,이천시(이천남초교),2020051023,0,232
홍수통제소,여주시(금당초교),2020051023,0,190
홍수통제소,안성시(삼죽초교),2020051023,0,223
홍수통제소,이천시(장천초교),2020051023,0,219
홍수통제소,여주시(주암분교),2020051023,0,203
홍수통제소,화천군(다목초교),2020051023,0,254
홍수통제소,화천군(화천댐),2020051023,0,170
소양강,인제군(서성초교),2020051023,0,211
소양강,인제군(한계초교),2020051023,0,248
홍수통제소,인제군(백담산장),2020051023,0,337
소양강,인제군(용대초교),2020051023,0,294
홍수통제소,화천군(화천군청),2020051023,0,197
홍수통제소,화천군(명월리),2020051023,0,249
홍수통제소,양구군(방산초교),2020051023,0,208
지자체(양구),남면사무소(양구),2020051023,0, 
지자체(양구),동면사무소(양구),2020051023,0, 
지자체(양구),도사리(양구),2020051023,0, 
홍수통제소,인제군(신남중교),2020051023,0,225
소양강,인제군(현리),2020051023,0,245
소양강,춘천시(추곡초교),2020051023,0,256
소양강,인제군(남전리),2020051023,0,229
홍수통제소,홍천군(명개리),2020051023,0,374
소양강,인제군(상남초교),2020051023,0,261
소양강,인제군(신남리),2020051023,0,249
소양강,홍천군(명개리2),2020051023,0,329
소양강,인제군(귀둔리),2020051023,0,280
홍수통제소,가평군(가평교),2020051023,0,203
홍수통제소,춘천시(소양2교),2020051023,0,167
홍수통제소,가평군(화악교),2020051023,0,200
소양강,인제군(덕적리),2020051023,0,245
홍수통제소,인제군(진동리),2020051023,0,192
홍수통제소,인제군(한계령),2020051023,0,347
지자체(홍천),내면(홍천),2020051023,0, 
홍수통제소,홍천군(홍천농고),2020051023,0,185
홍수통제소,홍천군(서석면사무소),2020051023,0,216
홍수통제소,홍천군(내촌면사무소),2020051023,0,251
홍수통제소,홍천군(반곡교),2020051023,0,194
홍수통제소,홍천군(매산초교),2020051023,0,221
홍수통제소,홍천군(노천초교),2020051023,0,232
홍수통제소,홍천군(삼포초교),2020051023,0,183
홍수통제소,가평군(하면사무소),2020051023,0,203
홍수통제소,가평군(대성리),2020051023,0,209
홍수통제소,가평군(중미산),2020051023,0,207
지자체(홍천),군청(홍천),2020051023,0, 
지자체(홍천),남면(홍천),2020051023,0, 
지자체(홍천),동면(홍천),2020051023,0, 
지자체(홍천),두촌면(홍천),2020051023,0, 
지자체(홍천),북방면(홍천),2020051023,0, 
지자체(홍천),서면(홍천),2020051023,0, 
지자체(홍천),서석면(홍천),2020051023,0, 
지자체(홍천),화촌면(홍천),2020051023,0, 
지자체(홍천),개야고개(홍천),2020051023,0, 
지자체(홍천),모곡4(홍천),2020051023,0, 
지자체(홍천),수타사계곡(홍천),2020051023,0, 
지자체(홍천),원소리(홍천),2020051023,0, 
지자체(홍천),위안터(홍천),2020051023,0, 
홍수통제소,광주시(남한산초교),2020051023,0,199
홍수통제소,용인시(포곡초교),2020051023,0,237
홍수통제소,용인시(모현면사무소),2020051023,0,181
홍수통제소,광주시(경안교),2020051023,0,153
홍수통제소,광주시(광주시청),2020051023,0,160
홍수통제소,용인시(운학초교),2020051023,0,206
지자체(광주),초월읍(광주),2020051023,0,0
지자체(광주),도척면(광주),2020051023,0,0
지자체(광주),남한산성면(광주),2020051023,0,0
지자체(광주),경안동(광주),2020051023,0,0
지자체(광주),산성보건소(광주),2020051023,0,0
지자체(광주),퇴촌면(광주),2020051023,0,0
지자체(광주),남종면(광주),2020051023,0,0
지자체(광주),송정동(광주),2020051023,0,0
지자체(광주),광남동(광주),2020051023,0,0
지자체(광주),송정펌프장(광주),2020051023,0,0
지자체(광주),양벌펌프장(광주),2020051023,0,0
지자체(광주),오포읍(광주),2020051023,0,0
지자체(광주),곤지암읍(광주),2020051023,0,0
지자체(용인),양지면(용인),2020051023,0,0
지자체(용인),원삼면(용인),2020051023,0,0
지자체(용인),역삼동(용인),2020051023,0,0
지자체(용인),포곡읍(용인),2020051023,0,0
지자체(용인),모현면(용인),2020051023,0,0
홍수통제소,의정부시(중앙초교),2020051023,0,197
홍수통제소,성남시(한국학중앙연구원),2020051023,0,200
홍수통제소,남양주시(금곡초교),2020051023,0,157
홍수통제소,포천시(진목리),2020051023,0,193
홍수통제소,남양주시(진관교),2020051023,0,178
홍수통제소,서울시(대곡교),2020051023,0,159
홍수통제소,안양시(충훈1교),2020051023,0,145
홍수통제소,서울시(구로구청),2020051023,0,157
홍수통제소,김포시(김포시청),2020051023,0,166
지자체(군포),대야도서관(군포),2020051023,0,0
지자체(의왕),부곡동(의왕),2020051023,0,0
경인아라뱃길,인천시(귤현보),2020051023,0,75
경인아라뱃길,인천시(아라인천터미널),2020051023,0,107.5
경인아라뱃길,김포시(아라김포터미널),2020051023,0,99.5
홍수통제소,포천시(내촌면사무소),2020051023,0,158
한탄강,정연,2020051023,0,152
한탄강,관인(임진강),2020051023,0,188
한탄강,서면(임진),2020051023,0,227
한탄강,청양(임진),2020051023,0,208
한탄강,오덕,2020051023,0,259
홍수통제소,평택시(진위면사무소),2020051023,0,174
홍수통제소,안성시(안성시청),2020051023,0,197
홍수통제소,용인시(원삼중교),2020051023,0,220
홍수통제소,화성시(양감119지역대),2020051023,0,154
홍수통제소,천안시(대홍초교),2020051023,0,164
홍수통제소,평택시(회화리),2020051023,0,156
홍수통제소,용인시(역삼동주민센터),2020051023,0,224
홍수통제소,용인시(이동면사무소),2020051023,0,197
홍수통제소,안성시(삼암리),2020051023,0,177
홍수통제소,안성시(안성서운중교),2020051023,0,173
홍수통제소,천안시(성거읍사무소),2020051023,0,179
홍수통제소,평택시(군문교),2020051023,0,161
홍수통제소,화성시(수원대학교),2020051023,0,192
홍수통제소,용인시(신갈저수지),2020051023,0,164
지자체(화성),진안동(화성),2020051023,0,0
지자체(화성),양감면(화성),2020051023,0,0
지자체(화성),정남면(화성),2020051023,0,0
지자체(화성),동탄면(화성),2020051023,0,0
지자체(화성),기배동(화성),2020051023,0,0
지자체(화성),반월동(화성),2020051023,0,0
지자체(화성),동탄2동(화성),2020051023,0,0
지자체(수원),경기도청(수원),2020051023,0,0
지자체(용인),기흥구청(용인),2020051023,0,0
지자체(용인),공세동(용인),2020051023,0,0
지자체(평택),서탄면(평택),2020051023,0,0
지자체(평택),신장동(평택),2020051023,0,0
지자체(평택),진위면(평택),2020051023,0,0
지자체(용인),남사면(용인),2020051023,0,0
홍수통제소,안산시(안산호동초교),2020051023,0,139
홍수통제소,안산시(장상동),2020051023,0,154
지자체(화성),봉담읍(화성),2020051023,0,0
지자체(화성),향남읍(화성),2020051023,0,0
지자체(화성),매송면(화성),2020051023,0,0
지자체(화성),비봉면(화성),2020051023,0,0
지자체(화성),마도면(화성),2020051023,0,0
지자체(화성),송산면(화성),2020051023,0,0
지자체(화성),서신면(화성),2020051023,0,0
지자체(화성),팔탄면(화성),2020051023,0,0
지자체(화성),장안면(화성),2020051023,0,0
지자체(화성),남양읍(화성),2020051023,0,0
지자체(화성),우정읍(화성),2020051023,0,0
시화조력,안산시(시화조력),2020051023,0,26.5
홍수통제소,양양군(갈천리),2020051023,0,388
홍수통제소,강릉시(소금강분소),2020051023,0,398
홍수통제소,삼척시(심포초교),2020051023,0,254
안동,봉화군(갈산리),2020051023,0,221
홍수통제소,봉화군(재산면사무소),2020051023,0,216
홍수통제소,태백시(태백시청),2020051023,0,274
홍수통제소,봉화군(석포초교),2020051023,0,252
홍수통제소,봉화군(분천리),2020051023,0,230
홍수통제소,봉화군(풍호리),2020051023,0,188
홍수통제소,봉화군(애당리),2020051023,0,211
홍수통제소,안동시(월곡초교),2020051023,0,191
안동,안동시(기사리),2020051023,0,190
안동,봉화군(대현리),2020051023,0,268
안동,안동시(의촌리),2020051023,0,189
안동,태백시(문곡동),2020051023,0,269
안동,울진군(전곡리),2020051023,0,240
안동,봉화군(관창리),2020051023,0,225
안동,봉화군(서동리),2020051023,0,203
홍수통제소,태백시(소도동),2020051023,0,141
안동,봉화군(고선리),2020051023,0,212
지자체(봉화),명호면(봉화),2020051023,0,213
지자체(봉화),법전면(봉화),2020051023,0,189
지자체(봉화),석포면(봉화),2020051023,0,204
지자체(봉화),소천면(봉화),2020051023,0,188.5
지자체(봉화),재산면(봉화),2020051023,0,200
지자체(봉화),춘양면(봉화),2020051023,0,206.5
지자체(봉화),넛재(봉화),2020051023,0,252
지자체(봉화),도래기재(봉화),2020051023,0,252
지자체(봉화),도화동(봉화),2020051023,0,275
지자체(봉화),드르네(봉화),2020051023,0,249
지자체(봉화),일월산상(봉화),2020051023,0,0
지자체(봉화),일월산하(봉화),2020051023,0,252
지자체(봉화),주실령재(봉화),2020051023,0,137
지자체(봉화),참새골(봉화),2020051023,0,265
지자체(봉화),청량산(봉화),2020051023,0,239
홍수통제소,청송군(현서면사무소),2020051023,0,203
홍수통제소,안동시(묵계교),2020051023,0,222
홍수통제소,안동시(석동동),2020051023,0,166
홍수통제소,안동시(중평리),2020051023,0,189
임하,영양군(현리),2020051023,0,231
임하,영양군(답곡리),2020051023,0,234
임하,청송군(대전리),2020051023,0,241
임하,청송군(덕리),2020051023,0,225
임하,영양군(도곡리),2020051023,0,238
홍수통제소,청송군(도평리),2020051023,0,225
성덕,청송군(성재리),2020051023,0,248
성덕,청송군(갈천리),2020051023,0,256
성덕,청송군(무계리),2020051023,0,294
지자체(영양),입암면(영양),2020051023,0,146
지자체(영양),일월면(영양),2020051023,0,170
지자체(영양),석보면(영양),2020051023,0,213
지자체(영양),청기면(영양),2020051023,0,216
지자체(영양),영양읍(영양),2020051023,0,147
지자체(영양),당리보건지소(영양),2020051023,0,223
지자체(영양),삼의계곡(영양),2020051023,0,314
홍수통제소,안동시(당북동),2020051023,0,176
홍수통제소,의성군(풍지교),2020051023,0,189
홍수통제소,안동시(원호리),2020051023,0,176
홍수통제소,안동시(귀미리),2020051023,0,191
홍수통제소,안동시(만운리),2020051023,0,186
홍수통제소,영주시(영광여고),2020051023,0,195
홍수통제소,영주시(부석중고교),2020051023,0,182
홍수통제소,문경시(동로면사무소),2020051023,0,222
홍수통제소,영주시(수철리),2020051023,0,222
홍수통제소,예천군(두천리),2020051023,0,214
홍수통제소,봉화군(봉화대교),2020051023,0,177
홍수통제소,영주시(성내리),2020051023,0,215
홍수통제소,예천군(은풍면사무소),2020051023,0,159
영주,봉화군(적덕리),2020051023,0,208
영주,봉화군(운계리),2020051023,0,173
영주,영주시(영주댐),2020051023,0,220
지자체(봉화),물야면(봉화),2020051023,0,184
지자체(봉화),봉성면(봉화),2020051023,0,193.5
지자체(봉화),봉화읍(봉화),2020051023,0,131
지자체(봉화),상운면(봉화),2020051023,0,138
지자체(봉화),대골(봉화),2020051023,0,198
지자체(봉화),물야(봉화),2020051023,0,84
홍수통제소,문경시(농암리),2020051023,0,235
홍수통제소,문경시(김용리),2020051023,0,185
홍수통제소,상주시(화북초교),2020051023,0,244
홍수통제소,문경시(진안리),2020051023,0,209
홍수통제소,문경시(화산리),2020051023,0,245
홍수통제소,상주시(후천교),2020051023,0,204
홍수통제소,상주시(하송리),2020051023,0,219
홍수통제소,상주시(외서면사무소),2020051023,0,218
홍수통제소,상주시(이안교),2020051023,0,192
홍수통제소,군위군(고로면),2020051023,0,192
군위,군위군(군위댐),2020051023,0,176
홍수통제소,의성군(도서리),2020051023,0,189
홍수통제소,군위군(정리),2020051023,0,185
홍수통제소,의성군(안계면사무소),2020051023,0,176
홍수통제소,군위군(화수리),2020051023,0,187
홍수통제소,군위군(미성교),2020051023,0,187
홍수통제소,군위군(산성중학교),2020051023,0,179
홍수통제소,군위군(효령교),2020051023,0,163
홍수통제소,군위군(고곡리),2020051023,0,193
홍수통제소,군위군(대율초교),2020051023,0,195
홍수통제소,군위군(무성리),2020051023,0,196
홍수통제소,군위군(읍내리),2020051023,0,191
군위,군위군(양지리),2020051023,0,191
홍수통제소,의성군(도원리),2020051023,0,201
김천부항,김천시(월곡리),2020051023,0,240
김천부항,김천시(파천리),2020051023,0,259
김천부항,김천시(김천부항댐),2020051023,0,233
홍수통제소,의성군(낙단교),2020051023,0,171
홍수통제소,김천시(부곡동),2020051023,0,193
홍수통제소,김천시(지례면사무소),2020051023,0,210
홍수통제소,부항1(국),2020051023,0,240
홍수통제소,부항2(국),2020051023,0,259
홍수통제소,구미시(선주교),2020051023,0,188
보현산,영천시(하송리),2020051023,0,213
보현산,영천시(보현산댐),2020051023,0,229
홍수통제소,칠곡군(호국의다리),2020051023,0,176
홍수통제소,구미시(장천초교),2020051023,0,194
홍수통제소,성주군(옥화리),2020051023,0,231
홍수통제소,성주군(성주대교),2020051023,0,195
홍수통제소,포항시(죽장초교),2020051023,0,253
홍수통제소,영천시(화성리),2020051023,0,224
홍수통제소,영천시(치산리),2020051023,0,207
홍수통제소,영천시(영동교),2020051023,0,311
홍수통제소,영천시(정각리),2020051023,0,240
홍수통제소,경산시(곡신리),2020051023,0,210
홍수통제소,대구시(신암동),2020051023,0,179
홍수통제소,대구시(오리),2020051023,0,239
홍수통제소,영천시(가수리),2020051023,0,250
홍수통제소,경산시(자인중학교),2020051023,0,209
홍수통제소,대구시(성하리),2020051023,0,171
홍수통제소,대구시(사문진교),2020051023,0,165
홍수통제소,청도군(수월리),2020051023,0,218
홍수통제소,성주군(신파리),2020051023,0,276
홍수통제소,고령군(회천교),2020051023,0,195
홍수통제소,합천군(야로면사무소),2020051023,0,237
홍수통제소,거창군(산포리),2020051023,0,267
홍수통제소,거창군(병곡리),2020051023,0,339
합천,거창군(노현리),2020051023,0,272
합천,거창군(농산리),2020051023,0,294
합천,거창군(거열교),2020051023,0,247
합천,거창군(덕산리),2020051023,0,274
합천조정지,합천군(남정교),2020051023,0,235
합천,거창군(지산교),2020051023,0,239
합천,거창군(우혜리),2020051023,0,276
홍수통제소,합천군(황강교),2020051023,0,201
남강,산청군(장천리),2020051023,0,191
남강,산청군(향양리),2020051023,0,279
지자체(산청),산청읍(산청),2020051023,0,258
지자체(산청),거림1(산청),2020051023,0,171
지자체(산청),차황면(산청),2020051023,0,306
지자체(산청),거림2(산청),2020051023,0,543
지자체(산청),오부면(산청),2020051023,0,225
지자체(산청),내원1(산청),2020051023,0,0
지자체(산청),생초면(산청),2020051023,0,253
지자체(산청),내원2(산청),2020051023,0,551
지자체(산청),금서면(산청),2020051023,0,164
지자체(산청),문창대(산청),2020051023,0,498
지자체(산청),삼장면(산청),2020051023,0,434
지자체(산청),백운(산청),2020051023,0,533
지자체(산청),시천면(산청),2020051023,0,511
지자체(산청),법계사(산청),2020051023,0,275
지자체(산청),단성면(산청),2020051023,0,333
지자체(산청),법천폭포(산청),2020051023,0,624
지자체(산청),신안면(산청),2020051023,0,328
지자체(산청),새재(산청),2020051023,0,195
지자체(산청),생비량면(산청),2020051023,0,289
지자체(산청),신등면(산청),2020051023,0,282
지자체(산청),상부댐(산청),2020051023,0,35
지자체(산청),순두류(산청),2020051023,0,542
지자체(산청),오봉1(산청),2020051023,0,351
지자체(산청),오봉2(산청),2020051023,0,358
지자체(산청),외고개(산청),2020051023,0,432
지자체(산청),치밭목(산청),2020051023,0,275
지자체(산청),조개골(산청),2020051023,0,671
홍수통제소,창녕군(본초리),2020051023,0,233
홍수통제소,의령군(부림면사무소),2020051023,0,249
홍수통제소,의령군(청계리),2020051023,0,270
홍수통제소,의령군(성산리),2020051023,0,235
홍수통제소,합천군(적포교),2020051023,0,222
홍수통제소,고성군(두문교),2020051023,0,284
남강,산청군(내대리),2020051023,0,594
홍수통제소,함양군(중남리),2020051023,0,257
홍수통제소,남원시(화수리),2020051023,0,292
홍수통제소,산청군(상중리),2020051023,0,245
남강,산청군(경호교),2020051023,0,256
남강,산청군(하정리),2020051023,0,312
남강,산청군(창촌리),2020051023,0,406
홍수통제소,함양군(삼정리),2020051023,0,471
홍수통제소,산청군(동당리),2020051023,0,491
남강,함양군(금천리),2020051023,0,293
남강,함양군(용평리),2020051023,0,266
남강,남원시(운봉읍),2020051023,0,307
남강,합천군(소오리),2020051023,0,285
남강,함양군(운곡리),2020051023,0,326
남강,남원시(덕동리),2020051023,0,421
남강,남원시(의지리),2020051023,0,286
남강,산청군(실매리),2020051023,0,276
남강,함양군(화촌리),2020051023,0,227
남강,하동군(대곡리),2020051023,0,341
남강,하동군(위태리),2020051023,0,424
남강,진주시(자매리),2020051023,0,336
남강,진주시(장대동),2020051023,0,312
홍수통제소,진주시(운천리),2020051023,0,274
홍수통제소,함안군(대사교),2020051023,0,249
홍수통제소,의령군(정암교),2020051023,0,246
홍수통제소,의령군(칠곡초교),2020051023,0,253
밀양,울산시(이천리),2020051023,0,407
홍수통제소,창녕군(영산면사무소),2020051023,0,233
홍수통제소,창원시(수산대교),2020051023,0,222
홍수통제소,함안군(계내리),2020051023,0,229
홍수통제소,창녕군(청암리),2020051023,0,241
홍수통제소,밀양시(용전리),2020051023,0,259
홍수통제소,청도군(삼신리),2020051023,0,219
홍수통제소,밀양시(남포동),2020051023,0,211
홍수통제소,양산시(상북면사무소),2020051023,0,358
홍수통제소,부산시(명지초교),2020051023,0,347
홍수통제소,김해시(전하동),2020051023,0,316
홍수통제소,양산시(양산교),2020051023,0,316
홍수통제소,밀양시(삼랑진교),2020051023,0,223
홍수통제소,울산시(덕현리),2020051023,0,370
홍수통제소,울산시(신답교),2020051023,0,352
홍수통제소,경주시(연안리),2020051023,0,326
홍수통제소,울산시(삼동초교),2020051023,0,362
지자체(경주),강동면(경주),2020051023,0,302
지자체(경주),천북면(경주),2020051023,0,360
지자체(경주),서면(경주),2020051023,0,260
지자체(경주),현곡면(경주),2020051023,0,264
지자체(경주),내남면(경주),2020051023,0,299
지자체(경주),양북면(경주),2020051023,0,331
지자체(경주),양남면(경주),2020051023,0,304
지자체(경주),산내면(경주),2020051023,0,273
지자체(경주),안강읍(경주),2020051023,0,272
지자체(경주),건천읍(경주),2020051023,0,273
지자체(경주),동천동(경주),2020051023,0,302
지자체(경주),불국동(경주),2020051023,0,302
지자체(경주),감포읍(경주),2020051023,0,303
지자체(경주),외동읍(경주),2020051023,0,280
홍수통제소,경주시(시래동),2020051023,0,308
홍수통제소,포항시(현내리),2020051023,0,287
홍수통제소,경주시(달성교),2020051023,0,279
홍수통제소,경주시(검단리),2020051023,0,312
홍수통제소,경주시(옥산리),2020051023,0,252
홍수통제소,포항시(용기리),2020051023,0,261
홍수통제소,경주시(화산리),2020051023,0,339
홍수통제소,경주시(서천교),2020051023,0,261
홍수통제소,경주시(덕동),2020051023,0,385
홍수통제소,경주시(신평리),2020051023,0,258
홍수통제소,울산시(봉월초교),2020051023,0,313
홍수통제소,울산시(사연교),2020051023,0,325
지자체(울산),남구청(울산),2020051023,0,334.5
지자체(울산),시청(울산),2020051023,0,0
지자체(울산),동구청(울산),2020051023,0,320
지자체(울산),북구청(울산),2020051023,0,355
지자체(울산),강동동(울산),2020051023,0,294.5
지자체(울산),농소1동(울산),2020051023,0,345.5
지자체(울산),중구청(울산),2020051023,0,332.5
지자체(울산),웅촌면(울산),2020051023,0,342
지자체(울산),두동면(울산),2020051023,0,351
지자체(울산),온양읍(울산),2020051023,0,364
지자체(울산),온산읍(울산),2020051023,0,381
지자체(울산),언양읍(울산),2020051023,0,353
지자체(울산),상북면(울산),2020051023,0,335
지자체(울산),청량면(울산),2020051023,0,313
지자체(울산),서생면(울산),2020051023,0,357
지자체(울산),삼남면(울산),2020051023,0,340
지자체(울산),두서면(울산),2020051023,0,296
지자체(울산),범서읍(울산),2020051023,0,343
지자체(울산),삼동면(울산),2020051023,0,347
홍수통제소,양산시(삼호동),2020051023,0,99999
홍수통제소,영양군(신원리),2020051023,0,266
지자체(영양),수비면(영양),2020051023,0,202
지자체(영양),수하계곡(영양),2020051023,0,313
홍수통제소,경주시(국당리),2020051023,0,263
홍수통제소,무주군(안성초교),2020051023,0,241
홍수통제소,장수군(장수초교),2020051023,0,284
홍수통제소,무주군(원통사),2020051023,0,287
홍수통제소,진안군(대불리),2020051023,0,294
지자체(진안),진안군청(진안),2020051023,0, 
지자체(진안),안천면(진안),2020051023,0, 
지자체(진안),동향면(진안),2020051023,0, 
지자체(진안),상전면(진안),2020051023,0, 
지자체(진안),부귀면(진안),2020051023,0, 
지자체(진안),정천면(진안),2020051023,0, 
지자체(진안),주천면(진안),2020051023,0, 
지자체(진안),용담면(진안),2020051023,0, 
홍수통제소,무주군(적상초교),2020051023,0,240
대청,무주군(삼가리),2020051023,0,242
대청,무주군(기곡리),2020051023,0,216
대청,무주군(증산리),2020051023,0,261
홍수통제소,무주군(무주중앙초교),2020051023,0,218
홍수통제소,무주군(구천정수장),2020051023,0,346
대청,금산군(선원리),2020051023,0,218
대청,영동군(산막리),2020051023,0,229
지자체(금산),군북면(금산),2020051023,0, 
지자체(금산),금산읍(금산),2020051023,0, 
지자체(금산),금성면(금산),2020051023,0, 
지자체(금산),남이면(금산),2020051023,0, 
지자체(금산),남일면(금산),2020051023,0, 
지자체(금산),부리면(금산),2020051023,0, 
지자체(금산),제원면(금산),2020051023,0, 
대청,옥천군(원동리),2020051023,0,205
대청,영동군(남성리),2020051023,0,209
홍수통제소,영동군(웅북리),2020051023,0,228
홍수통제소,상주시(삼포리),2020051023,0,195
홍수통제소,영동군(궁촌리),2020051023,0,228
홍수통제소,보은군(동정리),2020051023,0,215
홍수통제소,보은군(이원리),2020051023,0,214
홍수통제소,옥천군(도로관리사업소),2020051023,0,198
홍수통제소,보은군(송죽초교),2020051023,0,199
홍수통제소,상주시(화령초교),2020051023,0,225
홍수통제소,상주시(화동초교),2020051023,0,234
홍수통제소,옥천군(묘금리),2020051023,0,173
대청,보은군(신함리),2020051023,0,215
대청,옥천군(산계리),2020051023,0,194
홍수통제소,옥천군(청산초교),2020051023,0,181
홍수통제소,보은군(관기초교),2020051023,0,201
홍수통제소,보은군(삼가분교),2020051023,0,234
홍수통제소,보은군(삼산초교),2020051023,0,229
대청,보은군(구병리),2020051023,0,244
홍수통제소,옥천군(안내초교),2020051023,0,209
대청,옥천군(대정리),2020051023,0,208
대청,금산군(마전리),2020051023,0,233
대청,금산군(상곡리),2020051023,0,222
홍수통제소,청주시(문화재조사연구단),2020051023,0,204
지자체(금산),추부면(금산),2020051023,0, 
홍수통제소,금산군(신대리),2020051023,0,240
홍수통제소,대전시(원촌교),2020051023,0,93
지자체(금산),복수면(금산),2020051023,0, 
지자체(금산),진산면(금산),2020051023,0, 
홍수통제소,세종시(부강면사무소),2020051023,0,200
홍수통제소,천안시(병천초교),2020051023,0,177
홍수통제소,진천군(진천여중),2020051023,0,157
홍수통제소,청주시(가덕초교),2020051023,0,177
홍수통제소,음성군(대소보건지소),2020051023,0,193
홍수통제소,증평군(반탄교),2020051023,0,177
홍수통제소,청주시(흥덕교),2020051023,0,171
홍수통제소,세종시(농정원),2020051023,0,201
지자체(세종),부강면(세종),2020051023,0,219
지자체(세종),연기면(세종),2020051023,0,214
지자체(세종),연동면(세종),2020051023,0,159
지자체(세종),연서면(세종),2020051023,0,168
지자체(세종),전동면(세종),2020051023,0,210
지자체(세종),전의면(세종),2020051023,0,163
지자체(세종),조치원(세종),2020051023,0,208
지자체(청주),오창읍(청주),2020051023,0,150
지자체(청주),북이면(청주),2020051023,0,164
지자체(청주),내수읍(청주),2020051023,0,104
지자체(청주),옥산면(청주),2020051023,0,127
지자체(청주),강내면(청주),2020051023,0,160
지자체(청주),오송읍(청주),2020051023,0,153
지자체(청주),남이면(청주),2020051023,0,162
지자체(청주),남일면(청주),2020051023,0,156
지자체(청주),문의면(청주),2020051023,0,160
지자체(청주),현도면(청주),2020051023,0,144
지자체(청주),미원면(청주),2020051023,0,222
지자체(청주),낭성면(청주),2020051023,0,158
지자체(청주),가덕면(청주),2020051023,0,149
지자체(청주),발산교(청주),2020051023,0,83
지자체(청주),덕성교(청주),2020051023,0,73
지자체(청주),조천교(청주),2020051023,0,86
지자체(청주),하복대교(청주),2020051023,0,79
지자체(청주),학정교(청주),2020051023,0,83
지자체(청주),상야1교(청주),2020051023,0,140
지자체(청주),추정교(청주),2020051023,0,77
지자체(청주),오창산단(청주),2020051023,0,150
지자체(청주),가경1교(청주),2020051023,0,83
지자체(청주),고은교(청주),2020051023,0,86
지자체(청주),대농교(청주),2020051023,0,79
지자체(청주),서원대(청주),2020051023,0,75
지자체(청주),수영교(청주),2020051023,0,94
지자체(청주),인차교(청주),2020051023,0,81
지자체(청주),장평교(청주),2020051023,0,78
지자체(청주),제2운천교(청주),2020051023,0,81
지자체(청주),청주대교(청주),2020051023,0,81
지자체(청주),명암유원지(청주),2020051023,0,76
지자체(청주),성대2교(청주),2020051023,0,80
지자체(청주),상당산성(청주),2020051023,0,87
지자체(청주),백운교(청주),2020051023,0,76
지자체(청주),선도산(청주),2020051023,0,75
지자체(청주),낙가산(청주),2020051023,0,0
지자체(청주),옥화리(청주),2020051023,0,86
지자체(청주),복현교(청주),2020051023,0,73
지자체(청주),금계교(청주),2020051023,0,83
지자체(청주),신촌교(청주),2020051023,0,93
지자체(청주),신대교(청주),2020051023,0,83
홍수통제소,공주시(금강교),2020051023,0,212
홍수통제소,부여군(홍산초교),2020051023,0,274
홍수통제소,청양군(청양읍사무소),2020051023,0,204
홍수통제소,공주시(반포중),2020051023,0,255
홍수통제소,공주시(정안면사무소),2020051023,0,226
홍수통제소,청양군(119안전센터),2020051023,0,219
홍수통제소,공주시(복룡리),2020051023,0,204
홍수통제소,공주시(유구초교),2020051023,0,196
홍수통제소,부여군(백제교),2020051023,0,241
지자체(세종),금남면(세종),2020051023,0,234
지자체(세종),도담동(세종),2020051023,0,213
지자체(세종),시청(세종),2020051023,0,179
지자체(세종),장군면(세종),2020051023,0,403
지자체(세종),한솔동(세종),2020051023,0,225
홍수통제소,논산시(황산리),2020051023,0,241
홍수통제소,논산시(연산중),2020051023,0,193
홍수통제소,완주군(장선초교),2020051023,0,265
홍수통제소,논산시(동산초교),2020051023,0,239
홍수통제소,익산시(함열초교),2020051023,0,225
홍수통제소,익산리(연동리),2020051023,0,198
홍수통제소,서천군(충남디지인예술고),2020051023,0,234
홍수통제소,홍성군(홍성초교),2020051023,0,201
홍수통제소,예산군(예산국토),2020051023,0,212
홍수통제소,예산군(덕산면사무소),2020051023,0,230
지자체(세종),소정면(세종),2020051023,0,195
지자체(경기도),태안읍(경기도),2020051023,0,0
보령,보령시(도화담리),2020051023,0,275
홍수통제소,서천군(망월리),2020051023,0,165
홍수통제소,보령시(미산면사무소),2020051023,0,251
홍수통제소,완주군(고산중교),2020051023,0,247
부안,부안군(부안청림천문대),2020051023,0,311
섬진강,진안군(도통리),2020051023,0,243
섬진강,임실군(용암리),2020051023,0,252
섬진강,순창군(시산리),2020051023,0,318
지자체(진안),백운면(진안),2020051023,0, 
지자체(진안),성수면(진안),2020051023,0, 
지자체(진안),마령면(진안),2020051023,0, 
홍수통제소,임실군(문화체육센터),2020051023,0,239
홍수통제소,순창군(현포리),2020051023,0,272
섬진강,임실군(섬진강댐),2020051023,0,229
홍수통제소,장수군(동화저수지),2020051023,0,296
홍수통제소,남원시(동림교),2020051023,0,244
홍수통제소,순창군(옥천교),2020051023,0,268
홍수통제소,곡성군(옥과톨게이트),2020051023,0,245
홍수통제소,곡성군(태안교),2020051023,0,264
홍수통제소,곡성군(고달교),2020051023,0,212
주암(본),보성군(복내리),2020051023,0,310
주암(본),순천시(주암댐),2020051023,0,319
주암(본),화순군(동가리),2020051023,0,279
주암(본),화순군(맹리),2020051023,0,332
홍수통제소,광양시(다압취수장),2020051023,0,408
홍수통제소,순천시(괴목리),2020051023,0,279
홍수통제소,구례군(구례교),2020051023,0,243
홍수통제소,구례군(문수리경로당),2020051023,0,276
홍수통제소,하동군(쌍계초교),2020051023,0,387
홍수통제소,하동군(읍내리),2020051023,0,365
홍수통제소,하동군(횡천초교),2020051023,0,382
주암(본),순천시(우산리),2020051023,0,285
홍수통제소,구례군(서시교),2020051023,0,225
홍수통제소,구례군(문수리),2020051023,0,461
홍수통제소,하동군(묵계리),2020051023,0,497
홍수통제소,김제시(금구초교),2020051023,0,218
홍수통제소,정읍시(고부초교),2020051023,0,273
홍수통제소,김제시(김제중앙중교),2020051023,0,196
홍수통제소,정읍시(태인중교),2020051023,0,230
홍수통제소,순천국토관리사무소,2020051023,0,377
수어,광양시(어치리),2020051023,0,436
홍수통제소,담양군(담양댐),2020051023,0,213
홍수통제소,담양군(광주댐),2020051023,0,289
홍수통제소,광주광역시(대성초교),2020051023,0,261
홍수통제소,광주광역시(무등산2중계소),2020051023,0,376
담양홍수조절지,담양군(담양홍수조절지),2020051023,0,301
홍수통제소,장성군(백암저수지),2020051023,0,302
홍수통제소,장성군(장성댐),2020051023,0,253
평림,장성군(수산리),2020051023,0,266
평림,장성군(평림댐),2020051023,0,299
홍수통제소,화순군(신성교),2020051023,0,243
홍수통제소,나주시(나주댐),2020051023,0,254
화순홍수조절지,화순군(화순홍수조절지),2020051023,0,274
홍수통제소,광주광역시(동곡초교),2020051023,0,280
홍수통제소,나주시(봉황초교),2020051023,0,262
홍수통제소,장성군(삼서면사무소),2020051023,0,286
홍수통제소,영암군(도포중교),2020051023,0,253
지자체(신안),압해읍(신안),2020051023,0, 
지자체(신안),암태면(신안),2020051023,0, 
지자체(신안),안좌면(신안),2020051023,0, 
지자체(신안),비금면(신안),2020051023,0, 
지자체(신안),도초면(신안),2020051023,0, 
지자체(신안),흑산면(신안),2020051023,0, 
지자체(신안),하의면(신안),2020051023,0, 
지자체(신안),팔금면(신안),2020051023,0, 
지자체(신안),지도읍(신안),2020051023,0, 
지자체(신안),증도면(신안),2020051023,0, 
지자체(신안),장산면(신안),2020051023,0, 
지자체(신안),자은면(신안),2020051023,0, 
지자체(신안),임자면(신안),2020051023,0, 
지자체(신안),신의면(신안),2020051023,0, 
Angat,Maputi,2020051023,0, 
Angat,Talaguio,2020051023,0, 
Angat,Matulid,2020051023,0, 
Angat,AngatDam,2020051023,0, 
기상청,속초,2020051023,0,0
기상청,양양(공),2020051023,0,0.5
기상청,북춘천,2020051023, ,999
기상청,철원,2020051023,0,1.2
기상청,독도,2020051023,0,0.5
기상청,동두천,2020051023,0,0.8
기상청,파주,2020051023,0,0.8
기상청,대관령,2020051023,0,0.3
기상청,춘천,2020051023,0,0
기상청,백령,2020051023,0,0.3
기상청,북강릉,2020051023,0,0
기상청,강릉,2020051023,0,0
기상청,동해,2020051023,0,0
기상청,서울,2020051023,0,1.3
기상청,김포(공),2020051023,0,0.5
기상청,인천,2020051023,0,0.8
기상청,인천(공),2020051023,0,0
기상청,원주,2020051023,0,0.8
기상청,울릉도,2020051023,0,0
기상청,관악(레),2020051023,0,2
기상청,수원,2020051023,0,0.5
기상청,영월,2020051023,0,0
기상청,충주,2020051023,0,2.2
기상청,서산,2020051023,0,0.9
기상청,울진,2020051023,0,0
기상청,청주,2020051023,0,0.2
기상청,대전,2020051023,0,0.1
기상청,추풍령,2020051023,0,0
기상청,안동,2020051023,0,0
기상청,상주,2020051023,0,0
기상청,포항,2020051023,0,320.4
기상청,군산,2020051023,0,1.8
기상청,대구,2020051023,0,0
기상청,전주,2020051023,0,0.7
기상청,울산(공),2020051023,0,0
기상청,울산,2020051023,0,0
기상청,창원,2020051023,0,0
기상청,광주,2020051023,0,0
기상청,부산,2020051023,0,0
기상청,부산(레),2020051023,0,0
기상청,통영,2020051023,0,0
기상청,무안(공),2020051023,0,0
기상청,목포,2020051023,0,1
기상청,여수(공),2020051023,0,0
기상청,여수,2020051023,0,0
기상청,흑산도,2020051023,0,0
기상청,완도,2020051023,0,0
기상청,고창,2020051023,0,1.2
기상청,순천,2020051023,0,0
기상청,진도(첨찰산),2020051023,0,0.1
기상청,제주(공),2020051023,0,0
기상청,제주,2020051023,0,0
기상청,고산,2020051023,0,0
기상청,성산,2020051023,0,0
기상청,서귀포,2020051023,0,0
기상청,진주,2020051023,0,0
기상청,강화,2020051023,0,0.3
기상청,양평,2020051023,0,1.3
기상청,이천,2020051023,0,1.1
기상청,인제,2020051023,0,3.6
기상청,홍천,2020051023,0,0
기상청,태백,2020051023,0,0
기상청,정선군,2020051023,0,0.5
기상청,제천,2020051023,0,0.9
기상청,보은,2020051023,0,0.7
기상청,격렬,2020051023,0,0
기상청,천안,2020051023,0,0.8
기상청,보령,2020051023,0,1.4
기상청,부여,2020051023,0,2.3
기상청,금산,2020051023,0,292
기상청,부안,2020051023,0,0
기상청,임실,2020051023,0,0.8
기상청,정읍,2020051023,0,0.2
기상청,남원,2020051023,0,0.1
기상청,장수,2020051023,0,0.2
기상청,고창군,2020051023,0,1.6
기상청,영광군,2020051023,0,1.5
기상청,김해시,2020051023,0,0
기상청,순창군,2020051023,0,0.2
기상청,북창원,2020051023,0,0
기상청,양산시,2020051023,0,0
기상청,보성군,2020051023,0,0
기상청,강진군,2020051023,0,0
기상청,장흥,2020051023,0,0
기상청,해남,2020051023,0,0.2
기상청,고흥,2020051023,0,0
기상청,의령군,2020051023,0,0
기상청,함양군,2020051023,0,0
기상청,광양시,2020051023,0,0
기상청,진도군,2020051023,0,0.2
기상청,봉화,2020051023,0,0.4
기상청,영주,2020051023,0,0.2
기상청,문경,2020051023,0,0
기상청,청송군,2020051023,0,1
기상청,영덕,2020051023,0,0
기상청,의성,2020051023,0,0
기상청,구미,2020051023,0,0
기상청,영천,2020051023,0,0
기상청,경주시,2020051023,0,0
기상청,거창,2020051023,0,0
기상청,합천,2020051023,0,0
기상청,밀양,2020051023,0,0
기상청,산청,2020051023,0,0
기상청,거제,2020051023,0,0
기상청,남해,2020051023,0,0
기상청,말도,2020051023,0,0.5
기상청,임자도,2020051023,0,0
기상청,장산도,2020051023,0,0
기상청,가거도,2020051023,0,0
기상청,신지도,2020051023,0,0
기상청,여서도,2020051023,0,0
기상청,소리도,2020051023,0,0
기상청,궁촌,2020051023,0,0
기상청,가야산,2020051023,0,0
기상청,주왕산,2020051023,0,1
기상청,양지암,2020051023,0,0
기상청,덕유봉,2020051023,0,0.5
기상청,성삼재,2020051023,0,0.5
기상청,무등산,2020051023,0,0
기상청,모악산,2020051023,0,0.5
기상청,용평,2020051023,0,1
기상청,천부,2020051023,0,0
기상청,향로봉,2020051023,0,4
기상청,원통,2020051023,0,1
기상청,상서,2020051023,0,0
기상청,마현,2020051023,0,0.5
기상청,송계,2020051023,0,0
기상청,백운,2020051023,0,2.5
기상청,용문산,2020051023,0,1
기상청,우암산,2020051023,0,2
기상청,중문,2020051023,0,0
기상청,아라,2020051023,0,0
기상청,회수,2020051023,0,0
기상청,남면,2020051023,0,1
기상청,장흥면,2020051023,0,1.5
기상청,덕정동,2020051023,0,0.5
기상청,서탄면,2020051023,0,0.5
기상청,고덕면,2020051023,0,0.5
기상청,현덕면,2020051023,0,0.5
기상청,선단동,2020051023,0,1.5
기상청,내촌면,2020051023,0,0
기상청,영중면,2020051023,0,1
기상청,분당구,2020051023,0,1
기상청,석수동,2020051023, ,999
기상청,오전동,2020051023,0,1.5
기상청,신현동,2020051023,0,1
기상청,수택동,2020051023,0,0.5
기상청,수리산길,2020051023,0,2
기상청,이동묵리,2020051023,0,1
기상청,기흥구,2020051023,0,1
기상청,은현면,2020051023,0,1
기상청,남방,2020051023,0,0.5
기상청,청북,2020051023,0,0.5
기상청,백석읍,2020051023,0,0.5
기상청,강남,2020051023,0,0.5
기상청,서초,2020051023,0,0.5
기상청,강동,2020051023,0,0.5
기상청,송파,2020051023,0,0
기상청,강서,2020051023,0,0.5
기상청,양천,2020051023,0,1
기상청,도봉,2020051023,0,0.5
기상청,노원,2020051023,0,0.5
기상청,동대문,2020051023,0,0.5
기상청,중랑,2020051023,0,1
기상청,기상청,2020051023,0,1
기상청,마포,2020051023,0,0.5
기상청,서대문,2020051023,0,1
기상청,광진,2020051023,0,0
기상청,성북,2020051023,0,1
기상청,용산,2020051023,0,0.5
기상청,은평,2020051023,0,0
기상청,금천,2020051023,0,0.5
기상청,한강,2020051023,0,0.5
기상청,중구,2020051023,0,1
기상청,성동,2020051023,0,0.5
기상청,구로,2020051023,0,1
기상청,강북,2020051023,0,0.5
기상청,남현,2020051023,0,1
기상청,경기,2020051023,0,0.5
기상청,신곡,2020051023,0,1
기상청,향남,2020051023,0,0.5
기상청,부천,2020051023,0,0.5
기상청,안양,2020051023,0,1
기상청,고잔,2020051023,0,1
기상청,역삼,2020051023,0,0.5
기상청,광명,2020051023,0,1
기상청,군포,2020051023,0,1
기상청,진안,2020051023,0,0
기상청,설봉,2020051023,0,1
기상청,김포,2020051023, ,999
기상청,지월,2020051023,0,1
기상청,보개,2020051023,0,1
기상청,하남,2020051023,0,0.5
기상청,의왕,2020051023,0,1.5
기상청,남촌,2020051023,0,0.5
기상청,북내,2020051023,0,1
기상청,산북,2020051023,0,1
기상청,옥천,2020051023,0,1
기상청,주교,2020051023,0,0.5
기상청,오남,2020051023,0,0.5
기상청,신북,2020051023,0,1.5
기상청,소하,2020051023,0,0.5
기상청,하봉암,2020051023,0,1
기상청,읍내,2020051023,0,0.5
기상청,연천,2020051023,0,2
기상청,춘궁,2020051023,0,1
기상청,퇴촌,2020051023,0,1
기상청,오포,2020051023,0,1
기상청,실촌,2020051023,0,0.5
기상청,마장,2020051023,0,1.5
기상청,모가,2020051023,0,1
기상청,흥천,2020051023,0,1
기상청,점동,2020051023,0,1.5
기상청,가남,2020051023,0,1.5
기상청,금사,2020051023,0,1
기상청,양성,2020051023,0,1
기상청,서운,2020051023,0,0.5
기상청,일죽,2020051023,0,1
기상청,고삼,2020051023,0,1
기상청,송탄,2020051023,0,0.5
기상청,포승,2020051023,0,0.5
기상청,가산,2020051023,0,1.5
기상청,영북,2020051023,0,2
기상청,관인,2020051023,0,0.5
기상청,화현,2020051023,0,1
기상청,상패,2020051023, ,999
기상청,왕징,2020051023,0,1.5
기상청,장남,2020051023,0,1.5
기상청,미산,2020051023,0,1
기상청,탄현,2020051023,0,1
기상청,광탄,2020051023,0,1
기상청,진동,2020051023,0,1
기상청,창현,2020051023, ,999
기상청,신천,2020051023,0,0.5
기상청,외서,2020051023,0,1.5
기상청,대곶,2020051023,0,0.5
기상청,송산,2020051023,0,0.5
기상청,서신,2020051023,0,0
기상청,초성리,2020051023,0,1
기상청,군남,2020051023,0,1
기상청,학온동,2020051023,0,0
기상청,세종고운,2020051023,0,1
기상청,하개정,2020051023,0,1
기상청,세종금남,2020051023,0,0
기상청,삽당령,2020051023,0,0
기상청,구룡령,2020051023,0,0
기상청,중면,2020051023,0,1
기상청,양도,2020051023,0,0.5
기상청,대연평,2020051023,0,0
기상청,교동,2020051023,0,0
기상청,도라산,2020051023,0,0.5
기상청,포천,2020051023,0,1
기상청,가평조종,2020051023,0,1
기상청,금촌,2020051023,0,1
기상청,창수,2020051023,0,1
기상청,왕산,2020051023,0,0.5
기상청,관악,2020051023,0,1
기상청,영등포,2020051023,0,0.5
기상청,공촌동,2020051023,0,1
기상청,인천연수,2020051023,0,1
기상청,덕적도,2020051023,0,0
기상청,대부도,2020051023,0,0
기상청,운평,2020051023,0,0
기상청,안성,2020051023,0,0.5
기상청,간성,2020051023,0,1
기상청,해안,2020051023,0,3.5
기상청,사내,2020051023,0,0
기상청,설악동,2020051023,0,0
기상청,강현,2020051023,0,0
기상청,화촌,2020051023,0,0.5
기상청,주문진,2020051023,0,0
기상청,경포대,2020051023,0,0
기상청,봉평,2020051023,0,1
기상청,평창,2020051023,0,0
기상청,신동,2020051023,0,0.5
기상청,원덕,2020051023,0,0
기상청,태하,2020051023,0,0
기상청,가평북면,2020051023,0,0
기상청,의정부,2020051023,0,1
기상청,신둔,2020051023,0,1
기상청,장호원,2020051023,0,1
기상청,서석,2020051023,0,0.5
기상청,횡성,2020051023,0,1
기상청,임계,2020051023,0,0.5
기상청,신서,2020051023,0,0
기상청,포천이동,2020051023,0,1
기상청,고양,2020051023,0,1
기상청,남양주,2020051023,0,1
기상청,청평,2020051023,0,2
기상청,영종도,2020051023,0,0.5
기상청,전곡항,2020051023,0,0.5
기상청,안산,2020051023,0,0
기상청,경기광주,2020051023,0,1.5
기상청,양동,2020051023,0,2
기상청,여주,2020051023,0,2
기상청,용인,2020051023,0,1
기상청,오산,2020051023,0,0
기상청,평택,2020051023,0,0.5
기상청,김화,2020051023,0,1.5
기상청,대진,2020051023,0,0
기상청,미시령,2020051023,0,0
기상청,화천,2020051023,0,1
기상청,양구,2020051023,0,0.5
기상청,기린,2020051023,0,0.5
기상청,팔봉,2020051023,0,0.5
기상청,내면,2020051023,0,1.5
기상청,진부,2020051023,0,0.5
기상청,청일,2020051023,0,3
기상청,주천,2020051023,0,0
기상청,북평,2020051023,0,0
기상청,시흥,2020051023,0,1
기상청,연곡,2020051023,0,0
기상청,적성,2020051023,0,0
기상청,일동,2020051023,0,2.5
기상청,구리,2020051023,0,0.5
기상청,금곡,2020051023,0,0.5
기상청,화성,2020051023,0,0
기상청,성남,2020051023,0,0.5
기상청,청운,2020051023,0,1
기상청,대신,2020051023,0,2.5
기상청,용인이동,2020051023,0,1
기상청,백암,2020051023,0,1
기상청,장봉도,2020051023,0,0
기상청,호도,2020051023,0,0
기상청,하장,2020051023,0,1
기상청,옥계,2020051023,0,0
기상청,상동,2020051023,0,0.7
기상청,신림,2020051023,0,0.5
기상청,안흥,2020051023,0,2.5
기상청,신남,2020051023,0,0.5
기상청,북산,2020051023,0,0
기상청,방산,2020051023,0,1.5
기상청,남산,2020051023,0,0.5
기상청,능곡,2020051023,0,1
기상청,과천,2020051023,0,1.5
기상청,치악산,2020051023,0,2.5
기상청,부론,2020051023,0,1.5
기상청,양양영덕,2020051023,0,0.5
기상청,서화,2020051023,0,0.5
기상청,진부령,2020051023,0,0.2
기상청,오색,2020051023,0,0
기상청,대화,2020051023,0,1
기상청,양주,2020051023,0,1
기상청,광릉,2020051023,0,1
기상청,금왕,2020051023,0,1.5
기상청,단양,2020051023,0,1
기상청,진천,2020051023,0,0.5
기상청,괴산,2020051023,0,1.5
기상청,옥천,2020051023,0,0
기상청,영동,2020051023,0,0
기상청,대산,2020051023,0,0
기상청,근흥,2020051023,0,0.5
기상청,홍북,2020051023,0,1.5
기상청,삽시도,2020051023,0,0
기상청,홍성,2020051023,0,1
기상청,세종연서,2020051023,0,0.5
기상청,공주,2020051023,0,0.5
기상청,서천,2020051023,0,1
기상청,논산,2020051023,0,1.5
기상청,당진,2020051023,0,0.5
기상청,성거,2020051023,0,1.5
기상청,청양,2020051023,0,1
기상청,음성,2020051023,0,2
기상청,엄정,2020051023,0,1.5
기상청,수산,2020051023,0,2
기상청,수안보,2020051023,0,1.5
기상청,증평,2020051023,0,1
기상청,상당,2020051023,0,2
기상청,속리산,2020051023,0,2
기상청,청산,2020051023,0,0.5
기상청,태안,2020051023,0,1
기상청,예산,2020051023,0,0
기상청,세종전의,2020051023,0,0.5
기상청,노은,2020051023,0,1
기상청,송도,2020051023,0,0
기상청,유구,2020051023,0,0.5
기상청,정안,2020051023,0,1.5
기상청,아산,2020051023,0,0.5
기상청,양화,2020051023,0,2.5
기상청,계룡,2020051023,0,2
기상청,신평,2020051023,0,0.5
기상청,영춘,2020051023,0,0.5
기상청,덕산,2020051023,0,1.5
기상청,청천,2020051023,0,1
기상청,대청,2020051023,0,0.5
기상청,문화,2020051023,0,0.5
기상청,세천,2020051023,0,0.5
기상청,연무,2020051023,0,1
기상청,서부,2020051023,0,2
기상청,춘장대,2020051023,0,0.5
기상청,가곡,2020051023,0,0
기상청,장동,2020051023,0,0.5
기상청,부평,2020051023,0,1
기상청,양지,2020051023,0,0.5
기상청,외촌,2020051023,0,0.5
기상청,청산,2020051023,0,1
기상청,자월도,2020051023,0,0.5
기상청,소청도,2020051023,0,0
기상청,볼음도,2020051023,0,0.5
기상청,대천항,2020051023,0,0.5
기상청,만리포,2020051023,0,0.5
기상청,계룡산,2020051023,0,1.5
기상청,면온,2020051023,0,2.5
기상청,현내,2020051023,0,0.5
기상청,승봉도,2020051023,0,0.5
기상청,목덕도,2020051023,0,0.5
기상청,영흥도,2020051023,0,0
기상청,무의도,2020051023,0,0.5
기상청,안도,2020051023,0,0
기상청,옹도,2020051023,0,0.5
기상청,외연도,2020051023,0,0
기상청,양양,2020051023,0,0
기상청,청호,2020051023,0,0
기상청,상하,2020051023,0,1.5
기상청,진영,2020051023,0,0
기상청,사북,2020051023,0,1.5
기상청,남이섬,2020051023,0,0
기상청,위성센터,2020051023,0,1
기상청,평화,2020051023,0,1.5
기상청,원동,2020051023,0,2.5
기상청,임남,2020051023,0,3.5
기상청,봉산,2020051023,0,1
기상청,풍산,2020051023,0,0
기상청,정산,2020051023,0,2.5
기상청,백학,2020051023,0,1.5
기상청,오창,2020051023,0,1.5
기상청,원효봉,2020051023,0,2.5
기상청,광덕산,2020051023,0,2
기상청,신기,2020051023,0,0
기상청,서거차도,2020051023,0,0
기상청,해제,2020051023,0,0
기상청,무안,2020051023,0,0.5
기상청,어청도,2020051023,0,0
기상청,무주,2020051023,0,0
기상청,익산,2020051023,0,1.1
기상청,진안,2020051023,0,0.5
기상청,변산,2020051023,0,0.5
기상청,담양,2020051023,0,1.5
기상청,지도,2020051023,0,1
기상청,광산,2020051023,0,0.5
기상청,구례,2020051023,0,0
기상청,나주,2020051023,0,1
기상청,이양,2020051023,0,0.5
기상청,순천시,2020051023,0,0
기상청,광양읍,2020051023,0,0
기상청,자은도,2020051023,0,1
기상청,하의도,2020051023,0,0
기상청,의신,2020051023,0,0.5
기상청,상조도,2020051023,0,0
기상청,선유도,2020051023,0,0.5
기상청,보길도,2020051023,0,0
기상청,금일,2020051023,0,0
기상청,조선대,2020051023,0,1
기상청,거문도,2020051023,0,0
기상청,추자도,2020051023,0,0
기상청,우도,2020051023,0,0
기상청,마라도,2020051023,0,0
기상청,유수암,2020051023,0,0
기상청,장성,2020051023,0,1
기상청,영암,2020051023,0,1
기상청,보성,2020051023,0,0
기상청,함라,2020051023,0,3.5
기상청,완주,2020051023,0,1.9
기상청,덕유산,2020051023,0,0
기상청,진봉,2020051023,0,1
기상청,김제,2020051023,0,1
기상청,줄포,2020051023,0,1.5
기상청,심원,2020051023,0,2
기상청,화순,2020051023,0,1
기상청,운남,2020051023,0,0.5
기상청,비금,2020051023,0,0.5
기상청,화원,2020051023,0,0.5
기상청,성전,2020051023,0,0.5
기상청,땅끝,2020051023,0,0
기상청,청산도,2020051023,0,0
기상청,벌교,2020051023,0,0
기상청,도양,2020051023,0,0
기상청,백야,2020051023,0,0
기상청,선흘,2020051023,0,0
기상청,서광,2020051023,0,0
기상청,어리목,2020051023,0,0
기상청,함평,2020051023,0,0.5
기상청,화순북,2020051023,0,0
기상청,위도,2020051023,0,1
기상청,주천,2020051023,0,0
기상청,동향,2020051023,0,0.5
기상청,뱀사골,2020051023,0,0
기상청,복흥,2020051023,0,1.5
기상청,태인,2020051023,0,0
기상청,강진면,2020051023,0,0.5
기상청,여산,2020051023,0,2
기상청,신덕,2020051023,0,1
기상청,복내,2020051023,0,0.5
기상청,여수산단,2020051023,0,0
기상청,포두,2020051023,0,0
기상청,곡성,2020051023,0,0
기상청,염산,2020051023,0,0
기상청,다도,2020051023,0,1
기상청,안좌,2020051023,0,0
기상청,수유,2020051023,0,0
기상청,학산,2020051023,0,1
기상청,전남도청,2020051023,0,1
기상청,월야,2020051023,0,1
기상청,현산,2020051023,0,0.5
기상청,대덕,2020051023,0,0
기상청,유치,2020051023,0,1
기상청,한림,2020051023,0,0
기상청,남원,2020051023,0,0
기상청,구좌,2020051023,0,0
기상청,성판악,2020051023,0,0
기상청,과기원,2020051023,0,0.5
기상청,시종,2020051023,0,0.5
기상청,북일,2020051023,0,0
기상청,돌산,2020051023,0,0
기상청,도화,2020051023,0,0
기상청,풍암,2020051023,0,1
기상청,압해도,2020051023,0,0
기상청,나로도,2020051023,0,0
기상청,피아골,2020051023,0,0
기상청,표선면,2020051023,0,0
기상청,모슬포,2020051023,0,0
기상청,황전,2020051023,0,0
기상청,옥과,2020051023,0,0.5
기상청,초도,2020051023,0,0
기상청,하태도,2020051023,0,0
기상청,홍도,2020051023,0,0
기상청,낙월도,2020051023,0,0.5
기상청,후포,2020051023,0,0
기상청,영양,2020051023,0,0
기상청,온정,2020051023,0,0
기상청,옥산,2020051023,0,0.5
기상청,청하,2020051023,0,0
기상청,죽장,2020051023,0,264.4
기상청,선산,2020051023,0,0
기상청,의흥,2020051023,0,0.5
기상청,호미곶,2020051023,0,0
기상청,대덕,2020051023,0,0
기상청,성주,2020051023,0,0
기상청,황성,2020051023,0,318.3
기상청,고령,2020051023,0,0
기상청,청도,2020051023,0,0
기상청,부석,2020051023,0,0
기상청,예천,2020051023,0,0
기상청,구룡포,2020051023,0,0
기상청,수비,2020051023,0,0.5
기상청,마성,2020051023,0,0
기상청,예안,2020051023,0,0
기상청,하회,2020051023,0,0
기상청,공성,2020051023,0,0
기상청,김천,2020051023,0,0
기상청,군위,2020051023,0,0
기상청,가산,2020051023,0,0
기상청,칠곡,2020051023,0,0
기상청,신령,2020051023,0,0
기상청,경산,2020051023,0,0
기상청,달성,2020051023,0,0
기상청,외동,2020051023,0,375.4
기상청,기계,2020051023,0,290.9
기상청,석포,2020051023,0,0
기상청,안계,2020051023,0,0
기상청,은척,2020051023,0,0.5
기상청,화서,2020051023,0,1.5
기상청,현서,2020051023,0,1
기상청,이산,2020051023,0,0
기상청,동로,2020051023,0,0.5
기상청,길안,2020051023,0,0
기상청,하양,2020051023,0,0
기상청,화북,2020051023,0,0
기상청,산내,2020051023,0,256.9
기상청,울진서,2020051023,0,0
기상청,영덕읍,2020051023,0,0
기상청,수성,2020051023,0,0
기상청,서구,2020051023,0,0
기상청,소보,2020051023,0,0
기상청,금천,2020051023,0,0
기상청,지보,2020051023,0,0
기상청,감포,2020051023,0,295.3
기상청,소곡,2020051023,0,0
기상청,죽변,2020051023,0,0
기상청,팔공산,2020051023,0,0
기상청,삼동,2020051023,0,0
기상청,가파도,2020051023,0,0
기상청,백운산,2020051023,0,0
기상청,완도읍,2020051023,0,0
기상청,지산,2020051023,0,0
기상청,토함산,2020051023,0,341.1
기상청,완산,2020051023,0,0.5
기상청,진달래밭,2020051023,0,0
기상청,윗세오름,2020051023,0,0
기상청,지리산,2020051023,0,0
기상청,백운산,2020051023,0,2
기상청,동송,2020051023,0,1
기상청,설악산,2020051023,0,0.5
기상청,삼척,2020051023,0,0
기상청,문막,2020051023,0,0
기상청,도계,2020051023,0,0
기상청,스키점프,2020051023,0,0.5
기상청,새만금,2020051023,0,0.5
기상청,상무대,2020051023,0,1.5
기상청,기상(연),2020051023,0,0
기상청,태풍센터,2020051023,0,0
기상청,군산산단,2020051023,0,0.5
기상청,청남대,2020051023,0,0.5
기상청,현충원,2020051023,0,0.5
기상청,두서,2020051023,0,0
기상청,울기,2020051023,0,0
기상청,시천,2020051023,0,0
기상청,도천,2020051023,0,0
기상청,양산상북,2020051023,0,0
기상청,화개,2020051023,0,0
기상청,삼천포,2020051023,0,0
기상청,진해,2020051023,0,0
기상청,서이말,2020051023,0,0
기상청,영도,2020051023,0,0
기상청,매물도,2020051023,0,0
기상청,백천,2020051023,0,0
기상청,상주면,2020051023,0,0
기상청,서하,2020051023,0,0
기상청,삼가,2020051023,0,0
기상청,단성,2020051023,0,0
기상청,사천,2020051023,0,0
기상청,고성,2020051023,0,0
기상청,창녕,2020051023,0,0
기상청,함안,2020051023,0,0
기상청,가덕도,2020051023,0,0
기상청,단장,2020051023,0,0
기상청,기장,2020051023,0,0
기상청,간절곶,2020051023,0,0
기상청,생림,2020051023,0,0
기상청,진북,2020051023,0,0
기상청,송백,2020051023,0,0
기상청,개천,2020051023,0,0
기상청,사량도,2020051023,0,0
기상청,욕지도,2020051023,0,0
기상청,하동,2020051023,0,0
기상청,금남,2020051023,0,0
기상청,수곡,2020051023,0,0
기상청,청덕,2020051023,0,0
기상청,신포,2020051023,0,0
기상청,해운대,2020051023,0,0
기상청,부산진,2020051023,0,0
기상청,금정구,2020051023,0,0
기상청,동래,2020051023,0,0
기상청,북구,2020051023,0,0
기상청,대연,2020051023,0,0
기상청,공단,2020051023,0,409.4
기상청,길곡,2020051023,0,0
기상청,대병,2020051023,0,0
기상청,북상,2020051023,0,0
기상청,명사,2020051023,0,0
기상청,삼장,2020051023,0,0
기상청,정자,2020051023,0,0
기상청,사하,2020051023,0,0
기상청,내장산,2020051023,0,0
기상청,장목,2020051023,0,0
기상청,온산,2020051023,0,0
기상청,풍도,2020051023,0,0
기상청,도리도,2020051023,0,0
기상청,북항,2020051023,0,0
홍수통제소,남양주시(팔당댐),2020051023,0,157
평화의댐,화천군(평화의댐),2020051023,0,226
횡성,횡성군(갑천리),2020051023,0,205
횡성,횡성군(춘당리),2020051023,0,211
횡성,횡성군(횡성댐),2020051023,0,197
밀양,밀양시(밀양댐),2020051023,0,309
밀양,양산시(선리),2020051023,0,374
임하,청송군(상의리),2020051023,0,264
임하,영양군(송하리),2020051023,0,288
임하,청송군(월전리),2020051023,0,217
남강,함양군(의탄리),2020051023,0,305
남강,산청군(내원리),2020051023,0,530
대청,상주시(득수리),2020051023,0,201
대청,청주시(상장리),2020051023,0,192
대청,영동군(궁촌리2),2020051023,0,252
대청,옥천군(인포리),2020051023,0,223
용담,장수군(원촌리),2020051023,0,262
용담,무주군(삼가리),2020051023,0,242
용담,진안군(황금리),2020051023,0,347
용담,진안군(주평리),2020051023,0,261
용담,진안군(신괴리),2020051023,0,277
용담,장수군(삼봉리),2020051023,0,248
용담,진안군(주양리),2020051023,0,338
용담,장수군(장판리),2020051023,0,306
주암(조),순천시(죽학리),2020051023,0,368
주암(조),순천시(주암조절지댐),2020051023,0,355
장흥,장흥군(장흥댐),2020051023,0,338
부안,부안군(부안댐),2020051023,0,266
보령,보령시(보령댐),2020051023,0,194
보령,부여군(삼산리),2020051023,0,306
영천,포항시(가사리),2020051023,0,297
광동,삼척시(광동댐),2020051023,0,265
구천,거제시(구천댐),2020051023,0,471
달방,동해시(달방댐),2020051023,0,349
대암,울산시(대암댐),2020051023,0,361
사연,울산시(사연댐),2020051023,0,352
수어,광양시(수어댐),2020051023,0,391
안계,경주시(안계댐),2020051023,0,303
연초,거제시(연초댐),2020051023,0,373
영천,영천시(영천댐),2020051023,0,243
영천,포항시(죽장면),2020051023,0,271
운문,경주시(내칠리),2020051023,0,274
운문,청도군(신원리),2020051023,0,332
운문,청도군(운문댐),2020051023,0,253.5
홍수통제소,광주시(검천리),2020051023,0,188
홍수통제소,고령군(고령교),2020051023,0,209
홍수통제소,연천군(고문분교),2020051023,0,201
홍수통제소,과천시(한국수자원공사),2020051023,0,192
홍수통제소,포천시(냉정리),2020051023,0,188
홍수통제소,부천시(부안초교),2020051023,0,156
홍수통제소,구미시(구미대교),2020051023,0,183
홍수통제소,성남시(구미초교),2020051023,0,201
홍수통제소,완주군(구이초교),2020051023,0,251
홍수통제소,연천군(임진교),2020051023,0,214
홍수통제소,강진군(석교교),2020051023,0,267
홍수통제소,군포시(군포1동주민센터),2020051023,0,163
홍수통제소,익산시(미륵초교),2020051023,0,215
홍수통제소,양구군(금악리),2020051023,0,215
홍수통제소,영천시(금창교),2020051023,0,189
홍수통제소,용인시(용동중교),2020051023,0,209
홍수통제소,밀양시(내진초교),2020051023,0,262
홍수통제소,포천시(포천노곡초교),2020051023,0,184
홍수통제소,성남시(대장동),2020051023,0,200
홍수통제소,칠곡군(금암리),2020051023,0,211
홍수통제소,홍천군(두촌중교),2020051023,0,237
홍수통제소,괴산군(문당리),2020051023,0,244
홍수통제소,대전시(두계교),2020051023,0,246
홍수통제소,아산시(동방초교),2020051023,0,177
홍수통제소,파주시(법원초교),2020051023,0,189
홍수통제소,완주군(용봉교),2020051023,0,217
홍수통제소,양주시(봉암초교),2020051023,0,205
홍수통제소,홍천군(북방리),2020051023,0,244
홍수통제소,경주시(영지초교),2020051023,0,321
홍수통제소,청양군(가남초교),2020051023,0,193
홍수통제소,예천군(상풍교),2020051023,0,182
홍수통제소,성남시(성남북초교),2020051023,0,166
홍수통제소,정읍시(산외중교),2020051023,0,235
홍수통제소,포천시(삼정초교),2020051023,0,235
홍수통제소,서울시(동막골주차장),2020051023,0,173
홍수통제소,연천군(상리초교),2020051023,0,216
홍수통제소,여주시(상품중교),2020051023,0,219
홍수통제소,철원군(서면초교),2020051023,0,242
홍수통제소,남원시(요천대교),2020051023,0,189
홍수통제소,포천시(송우초교),2020051023,0,189
홍수통제소,서울시(송정동),2020051023,0,164
홍수통제소,당진시(순성초교),2020051023,0,206
홍수통제소,파주시(신산초교),2020051023,0,183
홍수통제소,예산군(신양리),2020051023,0,195
홍수통제소,아산시(초사초교),2020051023,0,181
홍수통제소,대구시(성동교),2020051023,0,190
홍수통제소,포천시(영평교),2020051023,0,196
홍수통제소,철원군(오덕초교),2020051023,0,258
홍수통제소,경산시(와촌초교),2020051023,0,227
홍수통제소,파주시(용연초교),2020051023,0,203
홍수통제소,김제시(용지초교),2020051023,0,200
홍수통제소,완주군(용진초교),2020051023,0,224
홍수통제소,서울시(월계2교),2020051023,0,157
홍수통제소,횡성군(우항리),2020051023,0,201
장흥,장흥군(운월리),2020051023,0,351
홍수통제소,울산시(태화교),2020051023,0,302
홍수통제소,예천군(고평교),2020051023,0,181
홍수통제소,대전시(만년교),2020051023,0,157
홍수통제소,장흥군(별천교),2020051023,0,292
홍수통제소,광주광역시(양과동),2020051023,0,276
홍수통제소,안양시(인덕원초교),2020051023,0,171
홍수통제소,대전시(인창교),2020051023,0,206
홍수통제소,구미시(일선교),2020051023,0,177
홍수통제소,강진군(작천중교),2020051023,0,323
홍수통제소,의정부시(도봉차량기지),2020051023,0,187
홍수통제소,전주시(미산교),2020051023,0,207
홍수통제소,춘천시(지촌초교),2020051023,0,262
홍수통제소,남양주시(진접읍사무소),2020051023,0,174
홍수통제소,춘천시(천전리),2020051023,0,222
홍수통제소,철원군(철원청양초교),2020051023,0,208
홍수통제소,파주시(통일대교),2020051023,0,201
홍수통제소,화천군(상승초교),2020051023,0,223
홍수통제소,보은군(수선재),2020051023,0,238
장흥,영암군(한대리),2020051023,0,349
홍수통제소,영천시(화남면사무소),2020051023,0,207
홍수통제소,포천시(화현초교),2020051023,0,210
홍수통제소,원주시(흥양초교),2020051023,0,192
홍수통제소,파주시(적암초교),2020051023,0,229
소양강,홍천군(창촌리),2020051023,0,261
주암(본),화순군(동복댐),2020051023,0,328
임하,안동시(기사리),2020051023,0,190
홍수통제소,장흥군(조양리),2020051023,0,323
소양강,춘천시(소양강댐),2020051023,0,210
팔당,팔당댐(FTP),2020051023,0, 
화천,화천댐(FTP),2020051023,0, 
괴산,괴산댐(FTP),2020051023,0, 
춘천,춘천댐(FTP),2020051023,0, 
청평,청평댐(FTP),2020051023,0, 
의암,의암댐(FTP),2020051023,0, 
대곡,울산시(구미리),2020051023,0,259
대곡,울산시(천전리),2020051023,0,365
운문,경주시(대현리),2020051023,0,306
영천,포항시(지동리),2020051023,0,214
선암,울산시(대암댐),2020051023,0,361
사연,울산시(구미리),2020051023,0,259
사연,울산시(천전리),2020051023,0,365
홍수통제소,부산시(구포대교),2020051023,0,341
홍수통제소,음성군(쌍봉리),2020051023,0,201
홍수통제소,논산시(토양리),2020051023,0,234
홍수통제소,세종시(문성교),2020051023,0,212
홍수통제소,진안군(마을지원센터),2020051023,0,269
홍수통제소,천안시(화청교),2020051023,0,189
홍수통제소,아산시(강청교),2020051023,0,163
홍수통제소,천안시(신흥교),2020051023,0,211
홍수통제소,하구언(내),2020051023,0,221
홍수통제소,함평군(기산초교),2020051023,0,243
홍수통제소,함평군(나산교),2020051023,0,283
홍수통제소,담양군(삼지교),2020051023,0,248
홍수통제소,산청군(홍계리),2020051023,0,394
홍수통제소,곡성군(석곡톨게이트),2020051023,0,308
홍수통제소,곡성군(예성교),2020051023,0,255
홍수통제소,남원시(신덕리),2020051023,0,235
홍수통제소,순창군(유적교),2020051023,0,249
홍수통제소,임실군(오봉리),2020051023,0,226
홍수통제소,순창군(평남리),2020051023,0,268
홍수통제소,임실군(일중리),2020051023,0,272
홍수통제소,광양시(남도대교),2020051023,0,361
홍수통제소,군산시(임피초교),2020051023,0,225
홍수통제소,정읍시(정읍북초교),2020051023,0,273
홍수통제소,강진군(병영면사무소),2020051023,0,323
홍수통제소,화순군(동면초교),2020051023,0,258
홍수통제소,화순군(청풍초교),2020051023,0,335
감포,경주시(감포댐),2020051023,0,347
주암(본),장흥군(봉동리),2020051023,0,348
주암(본),보성군(보성강댐),2020051023,0,362
군남,연천군(군남댐),2020051023,0,217
군남,연천군(횡산리),2020051023,0,222
